District ID,District Name,School ID,School Name,Institution Type,County,Grades,Student Enrollment,American Indian/Alaska Native Students,Asian Students,Black/African American Students,Hispanic/Latino Students,Multi-Racial Students,Native Hawaiian/Pacific Islander Students,White Students,American Indian/Alaska Native Teachers,Asian Teachers,Black/African American Teachers,Hispanic/Latino Teachers,Multi-Racial Teachers,Native Hawaiian/Pacific Islander Teachers,White Teachers,Required Immunizations,School On-Time Graduation,District On-Time Graduation,Oregon On-Time Graduation Average,School Five-Year Completion,District Five-Year Completion,Oregon Five-Year Completion Average,Administrators,Educational Assistants,Teacher Experience,Counselors/Psychologists,Licensed Librarians,Teachers,Same Principal in the Last 3 Years,Average Teacher Retention Rate,American Indian/Alaska Native On-Time Graduation,Asian On-Time Graduation,Black/African American On-Time Graduation,Hispanic/Latino On-Time Graduation,Multi-Racial On-Time Graduation,Native Hawaiian/Pacific Islander On-Time Graduation,White On-Time Graduation,Economically Disadvantaged On-Time Graduation,English Learners On-Time Graduation,Students with Disabilities On-Time Graduation,Migrant On-Time Graduation,Talented and Gifted On-Time Graduation,Female On-Time Graduation,Male On-Time Graduation,American Indian/Alaska Native Five-Year Completion,Asian Five-Year Completion,Black/African American Five-Year Completion,Hispanic/Latino Five-Year Completion,Multi-Racial Five-Year Completion,Native Hawaiian/Pacific Islander Five-Year Completion,White Five-Year Completion,Economically Disadvantaged Five-Year Completion,English Learners Five-Year Completion,Students with Disabilities Five-Year Completion,Migrant Five-Year Completion,Talented and Gifted Five-Year Completion,Female Five-Year Completion,Male Five-Year Completion
1894,Baker SD 5J,1894,Baker SD 5J,D,Baker,,"4,089",1%,1%,1%,11%,5%,<1%,81%,0%,0%,<1%,2%,4%,0%,94%,,,74%,80%,,84%,86%,17,51,72%,17,0,196,,,*,*,70%,47%,88%,*,76%,69%,50%,46%,*,89%,79%,70%,*,*,*,89%,*,*,84%,81%,77%,62%,*,>95%,90%,75%
1895,Huntington SD 16J,1895,Huntington SD 16J,D,Baker,,92,0%,7%,0%,5%,5%,0%,83%,0%,0%,0%,0%,0%,0%,100%,,,*,80%,,*,86%,<1,2,80%,0,0,10,,,*,*,*,*,*,*,*,*,*,*,*,*,*,*,*,*,*,*,*,*,*,*,*,*,*,*,*,*
1896,Burnt River SD 30J,1896,Burnt River SD 30J,D,Baker,,42,0%,14%,2%,2%,2%,0%,79%,0%,0%,0%,0%,0%,0%,100%,,,64%,80%,,*,86%,<1,<1,67%,0,0,5,,,*,*,*,*,*,*,62%,*,*,*,*,*,*,*,*,*,*,*,*,*,*,*,*,*,*,*,*,*
1897,Pine Eagle SD 61,1897,Pine Eagle SD 61,D,Baker,,227,0%,0%,<1%,9%,2%,<1%,89%,0%,0%,0%,0%,0%,9%,91%,,,>95%,80%,,>95%,86%,1,6,70%,0,0,17,,,*,*,*,*,*,*,>95%,*,*,*,*,*,*,*,*,*,*,*,*,*,>95%,*,*,*,*,*,*,*
1898,Monroe SD 1J,1898,Monroe SD 1J,D,Benton,,349,<1%,1%,0%,27%,3%,0%,69%,0%,0%,0%,7%,3%,0%,90%,,,87%,80%,,89%,86%,3,14,79%,1,0,25,,,*,*,*,>95%,*,*,80%,90%,*,*,*,*,91%,85%,*,*,*,*,*,*,86%,88%,*,*,*,*,91%,88%
1899,Alsea SD 7J,1899,Alsea SD 7J,D,Benton,,321,2%,6%,1%,9%,5%,0%,79%,0%,0%,0%,0%,0%,3%,97%,,,37%,80%,,44%,86%,2,12,87%,0,0,24,,,*,*,*,*,*,*,39%,43%,*,*,*,*,37%,38%,*,*,*,*,*,*,48%,50%,*,*,*,*,43%,44%
1900,Philomath SD 17J,1900,Philomath SD 17J,D,Benton,,"1,656",1%,1%,<1%,9%,6%,<1%,83%,0%,1%,0%,1%,0%,1%,98%,,,90%,80%,,94%,86%,11,36,82%,7,0,97,,,*,*,*,83%,*,*,92%,85%,*,72%,*,*,91%,90%,*,*,*,>95%,*,*,94%,>95%,*,82%,*,*,>95%,91%
1901,Corvallis SD 509J,1901,Corvallis SD 509J,D,Benton,,"6,745",1%,6%,1%,17%,8%,1%,67%,<1%,1%,1%,11%,1%,<1%,85%,,,89%,80%,,94%,86%,24,170,83%,17,1,350,,,*,>95%,*,89%,91%,*,88%,78%,>95%,68%,*,>95%,91%,86%,*,>95%,90%,89%,>95%,*,95%,89%,92%,84%,*,>95%,>95%,93%
1922,West Linn-Wilsonville SD 3J,1922,West Linn-Wilsonville SD 3J,D,Clackamas,,"9,802",<1%,4%,1%,11%,8%,<1%,74%,<1%,3%,1%,7%,2%,1%,86%,,,95%,80%,,>95%,86%,34,142,83%,30,4,495,,,*,>95%,*,88%,93%,*,>95%,83%,91%,80%,*,>95%,>95%,94%,*,>95%,82%,94%,>95%,*,>95%,91%,89%,94%,*,>95%,>95%,>95%
1923,Lake Oswego SD 7J,1923,Lake Oswego SD 7J,D,Clackamas,,"7,088",<1%,11%,1%,7%,9%,<1%,72%,<1%,2%,<1%,5%,2%,0%,91%,,,95%,80%,,>95%,86%,24,144,84%,30,0,375,,,*,>95%,*,94%,94%,*,95%,87%,>95%,86%,*,>95%,>95%,93%,*,>95%,*,>95%,>95%,*,>95%,88%,94%,91%,*,>95%,>95%,>95%
1924,North Clackamas SD 12,1924,North Clackamas SD 12,D,Clackamas,,"17,200",<1%,9%,2%,19%,8%,1%,61%,1%,3%,1%,5%,2%,0%,89%,,,87%,80%,,89%,86%,61,236,82%,45,3,832,,,*,95%,>95%,77%,95%,*,88%,83%,90%,72%,*,>95%,90%,85%,73%,>95%,>95%,82%,93%,91%,89%,82%,87%,75%,*,>95%,92%,85%
1925,Molalla River SD 35,1925,Molalla River SD 35,D,Clackamas,,"2,784",1%,<1%,<1%,19%,4%,<1%,76%,0%,0%,0%,4%,1%,0%,96%,,,83%,80%,,88%,86%,12,40,75%,7,1,147,,,*,*,*,75%,92%,*,85%,78%,77%,66%,90%,*,86%,80%,*,*,*,67%,*,*,91%,80%,83%,78%,82%,*,92%,83%
1926,Oregon Trail SD 46,1926,Oregon Trail SD 46,D,Clackamas,,"4,528",1%,1%,1%,14%,6%,<1%,77%,0%,1%,1%,2%,1%,0%,95%,,,86%,80%,,86%,86%,14,59,77%,14,5,193,,,*,*,*,87%,>95%,*,85%,83%,86%,70%,*,94%,89%,83%,>95%,*,*,66%,86%,*,90%,77%,68%,80%,*,>95%,88%,85%
1927,Colton SD 53,1927,Colton SD 53,D,Clackamas,,591,<1%,1%,0%,7%,4%,<1%,88%,0%,0%,0%,7%,2%,0%,90%,,,>95%,80%,,90%,86%,3,9,79%,1,0,37,,,*,*,*,*,*,*,>95%,>95%,*,*,*,*,91%,>95%,*,*,*,*,*,*,89%,91%,*,82%,*,*,88%,93%
1928,Oregon City SD 62,1928,Oregon City SD 62,D,Clackamas,,"8,018",1%,1%,1%,14%,6%,<1%,77%,0%,<1%,<1%,6%,1%,<1%,92%,,,84%,80%,,92%,86%,25,131,77%,27,0,381,,,*,83%,*,80%,86%,*,84%,77%,82%,68%,*,91%,85%,83%,*,94%,*,87%,>95%,*,93%,85%,92%,83%,*,>95%,93%,91%
1929,Canby SD 86,1929,Canby SD 86,D,Clackamas,,"4,649",<1%,1%,<1%,30%,4%,<1%,65%,0%,<1%,0%,7%,<1%,0%,93%,,,86%,80%,,91%,86%,15,79,87%,14,1,242,,,*,*,*,80%,82%,*,90%,82%,84%,76%,83%,>95%,88%,84%,*,*,*,85%,94%,*,92%,86%,89%,80%,92%,>95%,93%,88%
1930,Estacada SD 108,1930,Estacada SD 108,D,Clackamas,,"2,927",<1%,2%,2%,13%,5%,<1%,78%,2%,0%,1%,4%,2%,0%,92%,,,66%,80%,,81%,86%,11,28,74%,5,0,114,,,*,*,*,46%,44%,*,73%,55%,52%,44%,40%,77%,70%,61%,*,*,*,61%,80%,*,88%,72%,60%,51%,*,95%,83%,78%
1931,Gladstone SD 115,1931,Gladstone SD 115,D,Clackamas,,"1,925",1%,1%,1%,17%,8%,1%,72%,0%,2%,0%,3%,1%,0%,95%,,,90%,80%,,94%,86%,9,13,87%,6,<1,95,,,*,*,*,85%,81%,*,92%,82%,88%,78%,*,>95%,95%,85%,*,*,*,91%,>95%,*,93%,>95%,93%,90%,*,*,>95%,89%
1933,Astoria SD 1,1933,Astoria SD 1,D,Clatsop,,"1,896",1%,1%,1%,18%,4%,<1%,75%,1%,1%,0%,3%,1%,1%,93%,,,86%,80%,,83%,86%,8,57,84%,6,0,104,,,*,*,*,81%,*,*,86%,81%,85%,72%,82%,*,85%,87%,*,*,*,80%,*,*,84%,81%,87%,58%,83%,*,88%,77%
1934,Jewell SD 8,1934,Jewell SD 8,D,Clatsop,,162,0%,0%,0%,9%,7%,0%,83%,0%,0%,0%,0%,0%,0%,100%,,,>95%,80%,,93%,86%,3,8,67%,1,0,16,,,*,*,*,*,*,*,*,*,*,*,*,*,*,*,*,*,*,*,*,*,92%,*,*,*,*,*,*,*
1935,Seaside SD 10,1935,Seaside SD 10,D,Clatsop,,"1,618",1%,2%,<1%,28%,3%,<1%,66%,0%,1%,0%,2%,1%,0%,96%,,,77%,80%,,77%,86%,9,42,84%,5,0,87,,,*,*,*,71%,*,*,80%,72%,74%,55%,*,*,79%,75%,*,*,*,57%,*,*,81%,74%,69%,76%,*,*,70%,84%
1936,Warrenton-Hammond SD 30,1936,Warrenton-Hammond SD 30,D,Clatsop,,"1,028",1%,1%,<1%,14%,6%,1%,78%,0%,0%,2%,0%,0%,0%,98%,,,80%,80%,,82%,86%,8,30,84%,1,0,57,,,*,*,*,85%,*,*,78%,83%,*,85%,*,*,88%,71%,*,*,*,*,*,*,80%,84%,*,*,*,*,89%,75%
1944,Scappoose SD 1J,1944,Scappoose SD 1J,D,Columbia,,"2,405",1%,2%,<1%,10%,6%,1%,80%,0%,1%,0%,3%,1%,0%,94%,,,94%,80%,,>95%,86%,12,51,71%,6,0,123,,,*,*,*,78%,*,*,>95%,92%,67%,>95%,*,*,>95%,90%,*,*,*,*,*,*,>95%,92%,*,88%,*,>95%,>95%,95%
1945,Clatskanie SD 6J,1945,Clatskanie SD 6J,D,Columbia,,723,1%,1%,<1%,10%,9%,<1%,79%,0%,2%,0%,2%,2%,0%,93%,,,83%,80%,,83%,86%,3,26,76%,2,0,37,,,*,*,*,*,*,*,83%,78%,*,67%,*,*,87%,80%,*,*,*,*,*,*,83%,79%,*,*,*,*,86%,79%
1946,Rainier SD 13,1946,Rainier SD 13,D,Columbia,,920,2%,<1%,<1%,9%,6%,0%,82%,0%,0%,0%,4%,0%,0%,96%,,,76%,80%,,89%,86%,6,14,70%,2,0,51,,,*,*,*,*,*,*,79%,71%,*,65%,*,*,82%,72%,*,*,*,*,*,*,86%,94%,*,93%,*,*,85%,93%
1947,Vernonia SD 47J,1947,Vernonia SD 47J,D,Columbia,,573,2%,1%,<1%,8%,4%,<1%,85%,0%,2%,2%,0%,5%,0%,90%,,,78%,80%,,92%,86%,4,17,70%,2,0,35,,,*,*,*,*,*,*,77%,75%,*,75%,*,*,90%,63%,*,*,*,*,*,*,93%,89%,*,*,*,*,>95%,89%
1948,St Helens SD 502,1948,St Helens SD 502,D,Columbia,,"2,833",1%,1%,1%,11%,7%,<1%,80%,1%,1%,0%,2%,1%,1%,95%,,,80%,80%,,82%,86%,12,43,82%,9,2,151,,,*,*,*,74%,56%,*,84%,75%,*,81%,*,93%,83%,78%,*,*,*,74%,75%,*,84%,75%,*,77%,*,>95%,84%,81%
1964,Coquille SD 8,1964,Coquille SD 8,D,Coos,,"1,268",3%,<1%,<1%,10%,12%,<1%,75%,3%,1%,0%,3%,0%,0%,93%,,,61%,80%,,73%,86%,11,33,56%,0,0,63,,,47%,*,*,77%,50%,*,62%,64%,*,56%,*,*,69%,52%,*,*,*,73%,76%,*,70%,75%,*,58%,*,*,79%,66%
1965,Coos Bay SD 9,1965,Coos Bay SD 9,D,Coos,,"3,265",4%,1%,<1%,15%,8%,1%,73%,2%,1%,1%,2%,4%,1%,89%,,,71%,80%,,79%,86%,13,57,74%,9,1,169,,,60%,*,*,76%,89%,*,69%,67%,*,60%,*,*,77%,66%,82%,*,*,77%,76%,*,80%,75%,83%,63%,*,*,80%,78%
1966,North Bend SD 13,1966,North Bend SD 13,D,Coos,,"4,214",2%,2%,2%,12%,8%,<1%,74%,1%,1%,1%,1%,1%,0%,94%,,,54%,80%,,64%,86%,15,65,77%,8,1,186,,,63%,*,*,56%,63%,*,53%,50%,41%,33%,*,*,56%,52%,44%,*,*,56%,66%,*,65%,59%,38%,46%,*,92%,63%,65%
1967,Powers SD 31,1967,Powers SD 31,D,Coos,,117,5%,1%,0%,8%,22%,0%,64%,0%,0%,0%,0%,7%,0%,93%,,,90%,80%,,92%,86%,1,6,79%,0,0,12,,,*,*,*,*,*,*,*,90%,*,*,*,*,*,*,*,*,*,*,*,*,*,*,*,*,*,*,*,*
1968,Myrtle Point SD 41,1968,Myrtle Point SD 41,D,Coos,,524,4%,0%,1%,7%,15%,<1%,73%,3%,0%,0%,3%,9%,0%,86%,,,90%,80%,,90%,86%,4,11,61%,1,0,33,,,*,*,*,*,*,*,88%,90%,*,*,*,*,90%,90%,*,*,*,*,*,*,84%,92%,*,*,*,*,90%,90%
1969,Bandon SD 54,1969,Bandon SD 54,D,Coos,,676,1%,1%,<1%,14%,8%,<1%,77%,2%,0%,0%,2%,0%,0%,95%,,,92%,80%,,83%,86%,5,20,85%,0,0,39,,,*,*,*,*,*,*,91%,88%,*,*,*,*,>95%,90%,*,*,*,*,*,*,84%,81%,*,75%,*,*,82%,83%
1970,Crook County SD,1970,Crook County SD,D,Crook,,"3,071",1%,<1%,<1%,15%,5%,<1%,78%,1%,1%,0%,4%,1%,0%,93%,,,73%,80%,,88%,86%,13,56,78%,6,0,162,,,*,*,*,90%,68%,*,71%,68%,90%,64%,*,*,80%,66%,*,*,*,83%,82%,*,90%,87%,90%,71%,*,*,89%,88%
1972,Central Curry SD 1,1972,Central Curry SD 1,D,Curry,,481,2%,1%,0%,9%,10%,<1%,78%,0%,3%,0%,0%,0%,0%,97%,,,69%,80%,,82%,86%,3,10,79%,1,0,29,,,*,*,*,*,*,*,74%,72%,*,*,*,*,86%,56%,*,*,*,*,*,*,84%,83%,*,*,*,*,79%,86%
1973,Port Orford-Langlois SD 2CJ,1973,Port Orford-Langlois SD 2CJ,D,Curry,,228,2%,2%,0%,6%,7%,0%,83%,0%,0%,0%,0%,5%,0%,95%,,,72%,80%,,85%,86%,3,5,67%,0,0,15,,,*,*,*,*,*,*,67%,71%,*,*,*,*,*,69%,*,*,*,*,*,*,87%,91%,*,*,*,*,*,79%
1974,Brookings-Harbor SD 17C,1974,Brookings-Harbor SD 17C,D,Curry,,"1,548",3%,1%,1%,16%,17%,<1%,62%,1%,0%,0%,0%,3%,0%,96%,,,81%,80%,,80%,86%,8,35,75%,5,<1,81,,,*,*,*,76%,81%,*,81%,81%,*,64%,*,*,86%,75%,*,*,*,>95%,86%,*,75%,75%,*,63%,*,*,75%,83%
1976,Bend-LaPine Administrative SD 1,1976,Bend-LaPine Administrative SD 1,D,Deschutes,,"18,647",1%,1%,1%,12%,4%,<1%,82%,1%,1%,<1%,5%,<1%,<1%,93%,,,81%,80%,,91%,86%,65,221,90%,45,5,869,,,50%,93%,67%,69%,84%,*,83%,70%,69%,70%,71%,94%,86%,76%,*,91%,82%,83%,88%,*,93%,85%,79%,79%,67%,>95%,94%,89%
1977,Redmond SD 2J,1977,Redmond SD 2J,D,Deschutes,,"7,469",1%,1%,<1%,18%,4%,<1%,76%,0%,1%,0%,3%,2%,0%,93%,,,84%,80%,,87%,86%,26,115,86%,30,0,364,,,*,*,*,80%,87%,*,85%,80%,82%,70%,83%,>95%,85%,83%,73%,*,*,86%,73%,*,88%,84%,84%,81%,71%,>95%,89%,84%
1978,Sisters SD 6,1978,Sisters SD 6,D,Deschutes,,"1,115",1%,1%,1%,8%,2%,1%,85%,0%,0%,0%,0%,0%,0%,100%,,,91%,80%,,92%,86%,5,15,95%,5,0,60,,,*,*,*,*,*,*,91%,77%,*,>95%,*,*,89%,93%,*,*,*,*,*,*,92%,86%,*,73%,*,*,92%,93%
1990,Oakland SD 1,1990,Oakland SD 1,D,Douglas,,647,4%,<1%,<1%,7%,3%,0%,85%,2%,0%,0%,0%,5%,0%,93%,,,94%,80%,,>95%,86%,4,10,66%,1,0,37,,,*,*,*,*,*,*,94%,90%,*,*,*,*,93%,>95%,*,*,*,*,*,*,>95%,>95%,*,*,*,*,>95%,>95%
1991,Douglas County SD 4,1991,Douglas County SD 4,D,Douglas,,"6,132",1%,1%,1%,12%,7%,<1%,78%,1%,<1%,<1%,4%,4%,0%,91%,,,60%,80%,,74%,86%,22,122,79%,23,1,317,,,*,82%,*,64%,55%,*,60%,47%,64%,29%,*,91%,64%,56%,>95%,*,*,81%,80%,*,72%,68%,77%,49%,*,>95%,80%,69%
1992,Glide SD 12,1992,Glide SD 12,D,Douglas,,767,1%,<1%,0%,7%,6%,<1%,86%,2%,0%,0%,4%,0%,0%,94%,,,>95%,80%,,>95%,86%,4,20,75%,1,0,45,,,*,*,*,*,*,*,>95%,>95%,*,*,*,*,>95%,>95%,*,*,*,*,*,*,95%,90%,*,*,*,*,>95%,92%
1993,Douglas County SD 15,1993,Douglas County SD 15,D,Douglas,,201,3%,0%,0%,6%,9%,<1%,81%,0%,0%,0%,9%,0%,0%,91%,,,77%,80%,,91%,86%,2,6,63%,0,0,15,,,*,*,*,*,*,*,77%,73%,*,*,*,*,*,71%,*,*,*,*,*,*,85%,89%,*,*,*,*,91%,90%
1994,South Umpqua SD 19,1994,South Umpqua SD 19,D,Douglas,,"1,521",2%,<1%,<1%,10%,11%,<1%,76%,0%,0%,0%,1%,0%,0%,99%,,,70%,80%,,77%,86%,8,38,67%,2,0,84,,,*,*,*,*,*,*,70%,74%,*,33%,*,*,72%,68%,*,*,*,*,*,*,77%,81%,*,73%,*,*,80%,75%
1995,Camas Valley SD 21J,1995,Camas Valley SD 21J,D,Douglas,,216,<1%,0%,0%,7%,10%,0%,82%,0%,0%,0%,0%,0%,0%,100%,,,71%,80%,,81%,86%,2,7,87%,0,0,17,,,*,*,*,*,*,*,71%,60%,*,*,*,*,*,91%,*,*,*,*,*,*,79%,75%,*,*,*,*,*,80%
1996,North Douglas SD 22,1996,North Douglas SD 22,D,Douglas,,319,2%,1%,<1%,9%,8%,0%,81%,0%,4%,0%,4%,0%,0%,93%,,,74%,80%,,95%,86%,3,9,65%,<1,0,23,,,*,*,*,*,*,*,80%,60%,*,*,*,*,*,64%,*,*,*,*,*,*,93%,*,*,*,*,*,*,91%
1997,Yoncalla SD 32,1997,Yoncalla SD 32,D,Douglas,,265,2%,1%,<1%,12%,9%,0%,76%,0%,0%,0%,5%,0%,0%,95%,,,63%,80%,,58%,86%,2,11,68%,0,0,18,,,*,*,*,*,*,*,59%,58%,*,*,*,*,73%,53%,*,*,*,*,*,*,52%,48%,*,*,*,*,70%,45%
1998,Elkton SD 34,1998,Elkton SD 34,D,Douglas,,236,<1%,1%,<1%,6%,3%,0%,89%,0%,0%,0%,0%,10%,0%,90%,,,83%,80%,,56%,86%,<1,3,70%,0,0,19,,,*,*,*,*,*,*,83%,87%,*,*,*,*,*,71%,*,*,*,*,*,*,55%,64%,*,*,*,*,61%,50%
1999,Riddle SD 70,1999,Riddle SD 70,D,Douglas,,398,3%,0%,0%,7%,9%,<1%,81%,0%,0%,0%,3%,3%,0%,93%,,,75%,80%,,84%,86%,2,9,80%,0,0,26,,,*,*,*,*,*,*,76%,71%,*,*,*,*,73%,76%,*,*,*,*,*,*,77%,80%,*,*,*,*,*,70%
2000,Glendale SD 77,2000,Glendale SD 77,D,Douglas,,299,3%,1%,1%,10%,2%,1%,83%,4%,0%,0%,0%,0%,0%,96%,,,69%,80%,,71%,86%,3,11,65%,0,0,18,,,*,*,*,*,*,*,67%,71%,*,70%,*,*,60%,74%,*,*,*,*,*,*,69%,80%,*,*,*,*,*,67%
2001,Reedsport SD 105,2001,Reedsport SD 105,D,Douglas,,628,2%,1%,0%,9%,7%,<1%,81%,0%,0%,0%,8%,8%,0%,85%,,,57%,80%,,68%,86%,3,21,64%,<1,0,35,,,*,*,*,*,*,*,61%,61%,*,18%,*,*,56%,57%,*,*,*,*,*,*,67%,76%,*,50%,*,*,68%,70%
2002,Winston-Dillard SD 116,2002,Winston-Dillard SD 116,D,Douglas,,"1,393",2%,<1%,<1%,8%,6%,<1%,84%,2%,2%,0%,0%,0%,0%,95%,,,76%,80%,,72%,86%,6,34,70%,2,0,76,,,*,*,*,73%,*,*,75%,69%,*,46%,*,*,82%,72%,*,*,*,*,*,*,72%,63%,*,46%,*,*,81%,63%
2003,Sutherlin SD 130,2003,Sutherlin SD 130,D,Douglas,,"1,401",1%,1%,<1%,12%,5%,<1%,81%,1%,0%,0%,2%,5%,0%,92%,,,81%,80%,,88%,86%,7,33,85%,5,0,75,,,*,*,*,73%,*,*,79%,77%,*,83%,*,*,83%,79%,*,*,*,83%,*,*,90%,86%,*,81%,*,>95%,94%,83%
2005,Arlington SD 3,2005,Arlington SD 3,D,Gilliam,,172,5%,0%,0%,15%,2%,2%,76%,0%,0%,0%,0%,0%,0%,100%,,,83%,80%,,92%,86%,1,0,67%,0,0,15,,,*,*,*,*,*,*,*,*,*,*,*,*,*,*,*,*,*,*,*,*,>95%,*,*,*,*,*,*,*
2006,Condon SD 25J,2006,Condon SD 25J,D,Gilliam,,138,0%,0%,0%,9%,1%,0%,89%,0%,0%,0%,0%,0%,0%,100%,,,*,80%,,90%,86%,1,2,53%,0,0,13,,,*,*,*,*,*,*,*,*,*,*,*,*,*,*,*,*,*,*,*,*,*,*,*,*,*,*,*,*
2008,John Day SD 3,2008,John Day SD 3,D,Grant,,594,1%,<1%,1%,5%,4%,<1%,90%,2%,0%,0%,5%,0%,0%,93%,,,93%,80%,,95%,86%,4,14,69%,0,0,40,,,*,*,*,*,*,*,92%,85%,*,*,*,*,>95%,87%,*,*,*,*,*,*,>95%,94%,*,*,*,*,>95%,91%
2009,Prairie City SD 4,2009,Prairie City SD 4,D,Grant,,170,2%,0%,0%,3%,2%,1%,91%,7%,0%,0%,7%,0%,0%,87%,,,85%,80%,,*,86%,1,9,92%,0,0,14,,,*,*,*,*,*,*,83%,82%,*,*,*,*,*,*,*,*,*,*,*,*,*,*,*,*,*,*,*,*
2010,Monument SD 8,2010,Monument SD 8,D,Grant,,53,11%,2%,0%,13%,0%,0%,74%,0%,0%,0%,0%,0%,0%,100%,,,*,80%,,*,86%,1,<1,67%,0,0,6,,,*,*,*,*,*,*,*,*,*,*,*,*,*,*,*,*,*,*,*,*,*,*,*,*,*,*,*,*
2011,Dayville SD 16J,2011,Dayville SD 16J,D,Grant,,55,0%,0%,0%,2%,4%,0%,95%,0%,0%,0%,0%,0%,0%,100%,,,*,80%,,*,86%,1,3,38%,0,0,7,,,*,*,*,*,*,*,*,*,*,*,*,*,*,*,*,*,*,*,*,*,*,*,*,*,*,*,*,*
2012,Long Creek SD 17,2012,Long Creek SD 17,D,Grant,,35,3%,9%,0%,14%,9%,0%,66%,0%,0%,0%,0%,0%,0%,100%,,,*,80%,,*,86%,<1,2,80%,0,0,5,,,*,*,*,*,*,*,*,*,*,*,*,*,*,*,*,*,*,*,*,*,*,*,*,*,*,*,*,*
2014,Harney County SD 3,2014,Harney County SD 3,D,Harney,,836,4%,<1%,0%,10%,7%,0%,79%,0%,0%,0%,2%,0%,2%,97%,,,>95%,80%,,88%,86%,6,28,65%,0,1,52,,,*,*,*,*,*,*,>95%,>95%,*,*,*,*,95%,>95%,*,*,*,*,*,*,87%,84%,*,77%,*,*,87%,89%
2015,Harney County SD 4,2015,Harney County SD 4,D,Harney,,602,0%,1%,2%,5%,7%,<1%,85%,0%,0%,0%,5%,0%,0%,95%,,,*,80%,,*,86%,2,2,71%,0,0,29,,,*,*,*,*,*,*,*,*,*,*,*,*,*,*,*,*,*,*,*,*,*,*,*,*,*,*,*,*
2016,Pine Creek SD 5,2016,Pine Creek SD 5,D,Harney,,4,0%,0%,0%,0%,0%,0%,100%,0%,0%,0%,0%,0%,0%,100%,,,*,80%,,*,86%,0,0,100%,0,0,1,,,*,*,*,*,*,*,*,*,*,*,*,*,*,*,*,*,*,*,*,*,*,*,*,*,*,*,*,*
2017,Diamond SD 7,2017,Diamond SD 7,D,Harney,,4,0%,0%,0%,0%,25%,0%,75%,0%,0%,0%,0%,0%,0%,100%,,,*,80%,,*,86%,0,0,0%,0,0,1,,,*,*,*,*,*,*,*,*,*,*,*,*,*,*,*,*,*,*,*,*,*,*,*,*,*,*,*,*
2018,Suntex SD 10,2018,Suntex SD 10,D,Harney,,4,0%,0%,0%,0%,0%,0%,100%,0%,0%,0%,0%,0%,0%,100%,,,*,80%,,*,86%,0,1,100%,0,0,1,,,*,*,*,*,*,*,*,*,*,*,*,*,*,*,*,*,*,*,*,*,*,*,*,*,*,*,*,*
2019,Drewsey SD 13,2019,Drewsey SD 13,D,Harney,,6,0%,0%,0%,0%,0%,0%,100%,0%,0%,0%,0%,0%,0%,100%,,,*,80%,,*,86%,0,1,100%,0,0,1,,,*,*,*,*,*,*,*,*,*,*,*,*,*,*,*,*,*,*,*,*,*,*,*,*,*,*,*,*
2020,Frenchglen SD 16,2020,Frenchglen SD 16,D,Harney,,3,0%,0%,0%,0%,0%,33%,67%,0%,0%,0%,0%,0%,0%,100%,,,82%,80%,,*,86%,0,0,100%,0,0,1,,,*,*,*,*,*,*,80%,*,*,*,*,*,*,*,*,*,*,*,*,*,*,*,*,*,*,*,*,*
2021,Double O SD 28,2021,Double O SD 28,D,Harney,,7,0%,0%,0%,0%,0%,0%,100%,0%,0%,0%,0%,0%,0%,100%,,,*,80%,,*,86%,0,<1,100%,0,0,1,,,*,*,*,*,*,*,*,*,*,*,*,*,*,*,*,*,*,*,*,*,*,*,*,*,*,*,*,*
2022,South Harney SD 33,2022,South Harney SD 33,D,Harney,,15,0%,0%,0%,13%,0%,0%,87%,0%,0%,0%,0%,0%,0%,100%,,,*,80%,,*,86%,0,<1,100%,0,0,2,,,*,*,*,*,*,*,*,*,*,*,*,*,*,*,*,*,*,*,*,*,*,*,*,*,*,*,*,*
2023,Harney County Union High SD 1J,2023,Harney County Union High SD 1J,D,Harney,,662,1%,1%,<1%,4%,7%,<1%,87%,0%,0%,0%,0%,0%,0%,100%,,,>95%,80%,,>95%,86%,1,1,90%,0,0,18,,,*,*,*,*,*,*,>95%,*,*,*,*,*,*,*,*,*,*,*,*,*,>95%,>95%,*,*,*,*,*,>95%
2024,Hood River County SD,2024,Hood River County SD,D,Hood River,,"4,075",1%,1%,1%,42%,3%,<1%,51%,0%,2%,0%,6%,2%,0%,90%,,,85%,80%,,91%,86%,20,83,88%,12,<1,233,,,*,*,*,82%,*,*,89%,80%,82%,70%,89%,>95%,90%,81%,*,*,*,88%,>95%,*,92%,86%,87%,77%,73%,>95%,94%,87%
2039,Phoenix-Talent SD 4,2039,Phoenix-Talent SD 4,D,Jackson,,"2,578",1%,1%,1%,38%,8%,<1%,52%,0%,1%,0%,8%,3%,0%,89%,,,85%,80%,,83%,86%,12,53,90%,2,<1,127,,,*,*,*,89%,70%,*,86%,87%,94%,76%,88%,90%,91%,80%,*,*,*,83%,90%,*,82%,85%,87%,70%,86%,>95%,85%,82%
2041,Ashland SD 5,2041,Ashland SD 5,D,Jackson,,"2,843",<1%,1%,1%,12%,12%,<1%,74%,1%,2%,1%,6%,1%,0%,90%,,,89%,80%,,92%,86%,11,57,84%,8,2,151,,,*,*,*,80%,95%,*,90%,86%,70%,85%,*,91%,93%,85%,*,*,*,82%,92%,*,94%,91%,82%,83%,*,*,95%,89%
2042,Central Point SD 6,2042,Central Point SD 6,D,Jackson,,"4,868",1%,1%,<1%,16%,7%,<1%,75%,1%,1%,0%,5%,1%,0%,92%,,,80%,80%,,91%,86%,19,138,78%,5,<1,230,,,*,*,*,72%,81%,*,81%,74%,68%,58%,*,>95%,84%,76%,*,*,*,85%,91%,*,92%,88%,77%,73%,>95%,92%,>95%,87%
2043,Eagle Point SD 9,2043,Eagle Point SD 9,D,Jackson,,"4,154",1%,<1%,<1%,30%,5%,<1%,64%,<1%,<1%,1%,8%,2%,0%,87%,,,74%,80%,,82%,86%,14,113,71%,4,1,194,,,*,*,*,81%,71%,*,72%,67%,86%,53%,91%,*,80%,70%,*,*,*,85%,83%,*,81%,79%,87%,69%,>95%,*,85%,80%
2044,Rogue River SD 35,2044,Rogue River SD 35,D,Jackson,,"1,099",1%,1%,<1%,9%,7%,<1%,82%,0%,0%,0%,4%,0%,0%,96%,,,78%,80%,,79%,86%,8,21,67%,1,0,58,,,*,*,*,*,*,*,80%,76%,*,59%,*,*,78%,78%,*,*,*,*,*,*,79%,72%,*,52%,*,*,79%,79%
2045,Prospect SD 59,2045,Prospect SD 59,D,Jackson,,213,0%,0%,0%,3%,8%,0%,89%,0%,0%,0%,0%,0%,0%,100%,,,70%,80%,,80%,86%,2,10,89%,<1,0,17,,,*,*,*,*,*,*,*,70%,*,*,*,*,*,*,*,*,*,*,*,*,*,80%,*,*,*,*,*,*
2046,Butte Falls SD 91,2046,Butte Falls SD 91,D,Jackson,,228,<1%,<1%,<1%,10%,3%,0%,86%,0%,0%,0%,0%,0%,0%,100%,,,65%,80%,,81%,86%,2,8,93%,0,0,17,,,*,*,*,*,*,*,60%,65%,*,*,*,*,*,*,*,*,*,*,*,*,81%,81%,*,*,*,*,>95%,64%
2047,Pinehurst SD 94,2047,Pinehurst SD 94,D,Jackson,,10,0%,0%,0%,0%,10%,0%,90%,0%,0%,0%,0%,0%,0%,100%,,,*,80%,,*,86%,0,<1,100%,0,0,2,,,*,*,*,*,*,*,*,*,*,*,*,*,*,*,*,*,*,*,*,*,*,*,*,*,*,*,*,*
2048,Medford SD 549C,2048,Medford SD 549C,D,Jackson,,"14,468",1%,1%,1%,26%,5%,1%,65%,<1%,1%,<1%,3%,1%,1%,94%,,,80%,80%,,88%,86%,40,297,78%,11,4,678,,,*,93%,77%,79%,73%,85%,81%,73%,78%,68%,79%,95%,85%,77%,94%,94%,69%,84%,85%,*,89%,84%,83%,82%,85%,>95%,91%,84%
2050,Culver SD 4,2050,Culver SD 4,D,Jefferson,,683,<1%,0%,<1%,31%,4%,0%,64%,0%,0%,0%,6%,0%,0%,94%,,,92%,80%,,>95%,86%,3,15,72%,3,0,40,,,*,*,*,>95%,*,*,92%,90%,93%,*,*,*,91%,92%,*,*,*,93%,*,*,>95%,>95%,*,*,*,*,>95%,95%
2051,Ashwood SD 8,2051,Ashwood SD 8,D,Jefferson,,5,0%,0%,0%,0%,0%,0%,100%,0%,0%,0%,0%,0%,0%,100%,,,*,80%,,*,86%,0,0,100%,0,0,1,,,*,*,*,*,*,*,*,*,*,*,*,*,*,*,*,*,*,*,*,*,*,*,*,*,*,*,*,*
2052,Black Butte SD 41,2052,Black Butte SD 41,D,Jefferson,,27,4%,0%,0%,11%,4%,0%,81%,0%,0%,0%,0%,0%,0%,100%,,,*,80%,,*,86%,0,0,100%,0,0,3,,,*,*,*,*,*,*,*,*,*,*,*,*,*,*,*,*,*,*,*,*,*,*,*,*,*,*,*,*
2053,Jefferson County SD 509J,2053,Jefferson County SD 509J,D,Jefferson,,"2,893",33%,1%,1%,34%,2%,<1%,29%,3%,2%,1%,2%,2%,1%,91%,,,78%,80%,,81%,86%,13,89,70%,9,0,170,,,71%,*,*,89%,*,*,71%,79%,77%,50%,90%,>95%,80%,76%,65%,*,*,90%,*,*,89%,83%,76%,86%,83%,>95%,84%,77%
2054,Grants Pass SD 7,2054,Grants Pass SD 7,D,Josephine,,"6,218",1%,1%,<1%,15%,7%,<1%,76%,0%,1%,0%,2%,2%,<1%,94%,,,77%,80%,,86%,86%,18,158,87%,15,1,297,,,*,*,*,68%,69%,*,79%,78%,65%,69%,*,>95%,81%,74%,*,*,*,84%,90%,*,86%,87%,85%,71%,*,>95%,90%,82%
2055,Three Rivers/Josephine County SD,2055,Three Rivers/Josephine County SD,D,Josephine,,"4,814",1%,<1%,<1%,11%,7%,<1%,80%,1%,0%,0%,3%,0%,<1%,96%,,,78%,80%,,84%,86%,25,165,79%,6,0,222,,,*,*,*,77%,71%,*,79%,77%,*,69%,*,>95%,81%,73%,*,*,*,86%,67%,*,84%,86%,*,63%,*,>95%,83%,84%
2056,Klamath Falls City Schools,2056,Klamath Falls City Schools,D,Klamath,,"2,959",6%,1%,1%,23%,8%,<1%,61%,1%,0%,1%,7%,1%,0%,91%,,,71%,80%,,80%,86%,11,85,75%,2,0,155,,,75%,*,*,73%,68%,*,71%,67%,87%,54%,90%,>95%,73%,70%,74%,*,*,90%,94%,*,76%,78%,93%,60%,86%,>95%,87%,75%
2057,Klamath County SD,2057,Klamath County SD,D,Klamath,,"6,841",5%,1%,1%,20%,7%,<1%,66%,1%,<1%,<1%,4%,1%,0%,92%,,,82%,80%,,90%,86%,37,129,78%,8,0,361,,,73%,*,*,77%,83%,*,85%,79%,83%,67%,86%,>95%,86%,79%,86%,*,*,91%,86%,*,91%,89%,92%,77%,92%,>95%,93%,88%
2059,Lake County SD 7,2059,Lake County SD 7,D,Lake,,757,3%,<1%,0%,20%,6%,<1%,71%,4%,0%,0%,2%,0%,0%,95%,,,92%,80%,,91%,86%,5,17,74%,2,0,49,,,*,*,*,80%,*,*,>95%,89%,*,90%,*,*,86%,>95%,*,*,*,92%,*,*,91%,87%,*,*,*,*,92%,91%
2060,Paisley SD 11,2060,Paisley SD 11,D,Lake,,211,0%,3%,0%,8%,6%,0%,83%,0%,0%,0%,0%,7%,0%,93%,,,*,80%,,92%,86%,2,3,89%,<1,0,12,,,*,*,*,*,*,*,*,*,*,*,*,*,*,*,*,*,*,*,*,*,90%,*,*,*,*,*,*,*
2061,North Lake SD 14,2061,North Lake SD 14,D,Lake,,224,1%,<1%,<1%,9%,8%,<1%,81%,0%,0%,0%,0%,5%,0%,95%,,,88%,80%,,91%,86%,2,6,89%,0,0,19,,,*,*,*,*,*,*,86%,83%,*,*,*,*,*,87%,*,*,*,*,*,*,*,90%,*,*,*,*,*,*
2062,Plush SD 18,2062,Plush SD 18,D,Lake,,7,0%,0%,0%,0%,14%,0%,86%,100%,0%,0%,0%,0%,0%,0%,,,*,80%,,*,86%,0,0,100%,0,0,1,,,*,*,*,*,*,*,*,*,*,*,*,*,*,*,*,*,*,*,*,*,*,*,*,*,*,*,*,*
2063,Adel SD 21,2063,Adel SD 21,D,Lake,,7,29%,0%,0%,0%,0%,0%,71%,0%,0%,0%,0%,0%,0%,100%,,,*,80%,,*,86%,<1,1,100%,0,0,1,,,*,*,*,*,*,*,*,*,*,*,*,*,*,*,*,*,*,*,*,*,*,*,*,*,*,*,*,*
2081,Pleasant Hill SD 1,2081,Pleasant Hill SD 1,D,Lane,,"1,032",2%,<1%,<1%,7%,7%,<1%,84%,3%,0%,0%,3%,3%,3%,86%,,,92%,80%,,92%,86%,5,18,83%,3,0,52,,,*,*,*,*,*,*,>95%,85%,*,87%,*,*,87%,>95%,*,*,*,*,*,*,94%,82%,*,82%,*,*,93%,92%
2082,Eugene SD 4J,2082,Eugene SD 4J,D,Lane,,"17,310",1%,3%,2%,15%,10%,<1%,69%,1%,3%,1%,7%,4%,<1%,84%,,,78%,80%,,87%,86%,64,306,81%,54,4,835,,,52%,93%,59%,71%,80%,*,79%,67%,74%,54%,82%,92%,82%,75%,92%,>95%,86%,81%,82%,*,88%,81%,78%,60%,80%,>95%,91%,84%
2083,Springfield SD 19,2083,Springfield SD 19,D,Lane,,"10,571",1%,1%,1%,22%,7%,<1%,68%,1%,2%,<1%,5%,3%,<1%,88%,,,72%,80%,,80%,86%,41,295,81%,20,2,535,,,55%,>95%,*,68%,67%,*,74%,66%,66%,49%,75%,89%,75%,70%,*,80%,67%,76%,89%,*,80%,75%,73%,60%,50%,95%,85%,77%
2084,Fern Ridge SD 28J,2084,Fern Ridge SD 28J,D,Lane,,"1,511",2%,<1%,1%,7%,3%,1%,86%,1%,0%,0%,2%,4%,0%,93%,,,61%,80%,,68%,86%,9,37,85%,2,0,75,,,*,*,*,*,*,*,61%,53%,*,35%,*,*,70%,55%,*,*,*,*,*,*,72%,63%,*,62%,*,*,62%,73%
2085,Mapleton SD 32,2085,Mapleton SD 32,D,Lane,,158,3%,0%,1%,8%,9%,1%,79%,0%,0%,0%,0%,0%,0%,100%,,,72%,80%,,*,86%,2,6,64%,0,1,14,,,*,*,*,*,*,*,64%,72%,*,*,*,*,*,80%,*,*,*,*,*,*,*,*,*,*,*,*,*,*
2086,Creswell SD 40,2086,Creswell SD 40,D,Lane,,"1,288",1%,1%,1%,13%,7%,<1%,77%,1%,0%,0%,1%,4%,0%,93%,,,87%,80%,,92%,86%,6,19,85%,3,0,63,,,*,*,*,>95%,*,*,86%,78%,*,67%,*,*,>95%,77%,*,*,*,*,*,*,92%,85%,*,84%,*,*,>95%,88%
2087,South Lane SD 45J3,2087,South Lane SD 45J3,D,Lane,,"2,804",2%,1%,<1%,12%,3%,<1%,82%,1%,1%,0%,4%,3%,1%,91%,,,75%,80%,,84%,86%,18,48,78%,7,0,144,,,*,*,*,58%,*,*,79%,73%,53%,62%,20%,*,80%,70%,*,*,*,78%,69%,*,85%,81%,92%,60%,*,*,89%,80%
2088,Bethel SD 52,2088,Bethel SD 52,D,Lane,,"5,548",1%,2%,2%,23%,8%,1%,64%,2%,1%,1%,4%,4%,<1%,88%,,,76%,80%,,80%,86%,20,143,80%,15,0,265,,,*,*,*,71%,74%,*,76%,71%,83%,54%,*,*,81%,70%,80%,91%,*,80%,73%,*,81%,74%,82%,59%,*,*,80%,80%
2089,Crow-Applegate-Lorane SD 66,2089,Crow-Applegate-Lorane SD 66,D,Lane,,259,3%,1%,<1%,2%,8%,<1%,85%,0%,0%,0%,0%,0%,0%,100%,,,>95%,80%,,81%,86%,2,2,87%,0,0,19,,,*,*,*,*,*,*,>95%,>95%,*,*,*,*,93%,>95%,*,*,*,*,*,*,92%,*,*,*,*,*,*,*
2090,McKenzie SD 68,2090,McKenzie SD 68,D,Lane,,226,<1%,0%,1%,13%,11%,0%,75%,0%,0%,0%,5%,0%,0%,95%,,,81%,80%,,75%,86%,2,10,59%,0,0,16,,,*,*,*,*,*,*,77%,81%,*,*,*,*,*,*,*,*,*,*,*,*,*,75%,*,*,*,*,*,*
2091,Junction City SD 69,2091,Junction City SD 69,D,Lane,,"1,717",2%,1%,1%,12%,4%,<1%,80%,0%,3%,0%,6%,3%,0%,89%,,,85%,80%,,91%,86%,8,48,80%,7,0,92,,,*,*,*,79%,90%,*,86%,76%,*,72%,*,92%,90%,81%,*,*,*,94%,94%,*,90%,84%,*,71%,*,*,>95%,86%
2092,Lowell SD 71,2092,Lowell SD 71,D,Lane,,857,1%,<1%,1%,10%,6%,0%,82%,0%,0%,0%,4%,0%,0%,96%,,,94%,80%,,>95%,86%,7,11,70%,1,0,39,,,*,*,*,*,*,*,95%,89%,*,*,*,*,90%,>95%,*,*,*,*,*,*,>95%,95%,*,*,*,*,>95%,92%
2093,Oakridge SD 76,2093,Oakridge SD 76,D,Lane,,566,2%,1%,2%,6%,2%,1%,86%,5%,5%,0%,0%,0%,0%,90%,,,61%,80%,,75%,86%,3,15,72%,2,0,35,,,*,*,*,*,*,*,61%,54%,*,*,*,*,68%,53%,*,*,*,*,*,*,76%,72%,*,*,*,*,58%,91%
2094,Marcola SD 79J,2094,Marcola SD 79J,D,Lane,,649,2%,1%,1%,10%,6%,0%,80%,0%,0%,0%,0%,0%,0%,100%,,,64%,80%,,88%,86%,3,3,89%,1,0,17,,,*,*,*,*,*,*,70%,55%,*,*,*,*,64%,64%,*,*,*,*,*,*,86%,88%,*,*,*,*,90%,86%
2095,Blachly SD 90,2095,Blachly SD 90,D,Lane,,228,2%,1%,<1%,7%,3%,0%,87%,0%,0%,0%,9%,0%,0%,91%,,,85%,80%,,67%,86%,2,5,88%,1,0,17,,,*,*,*,*,*,*,90%,*,*,*,*,*,*,*,*,*,*,*,*,*,73%,*,*,*,*,*,*,64%
2096,Siuslaw SD 97J,2096,Siuslaw SD 97J,D,Lane,,"1,356",2%,1%,<1%,9%,10%,<1%,78%,0%,0%,0%,5%,1%,1%,93%,,,79%,80%,,91%,86%,8,46,70%,5,0,83,,,*,*,*,67%,91%,*,78%,74%,*,80%,*,*,87%,71%,*,*,*,81%,95%,*,91%,88%,*,75%,*,>95%,95%,87%
2097,Lincoln County SD,2097,Lincoln County SD,D,Lincoln,,"5,631",5%,1%,<1%,23%,9%,<1%,62%,1%,1%,0%,4%,3%,<1%,91%,,,76%,80%,,87%,86%,29,108,70%,17,1,292,,,68%,*,*,80%,73%,*,75%,78%,80%,67%,*,90%,81%,72%,74%,*,*,83%,92%,*,88%,89%,93%,79%,*,>95%,87%,86%
2099,Harrisburg SD 7J,2099,Harrisburg SD 7J,D,Linn,,813,1%,<1%,<1%,13%,4%,<1%,81%,1%,5%,6%,6%,0%,1%,81%,,,84%,80%,,90%,86%,3,25,51%,3,0,51,,,*,*,*,*,*,*,84%,85%,*,75%,*,*,84%,85%,*,*,*,90%,*,*,91%,87%,*,92%,*,*,93%,84%
2100,Greater Albany Public SD 8J,2100,Greater Albany Public SD 8J,D,Linn,,"9,441",1%,1%,<1%,21%,7%,<1%,70%,0%,1%,0%,5%,2%,0%,92%,,,88%,80%,,94%,86%,33,238,78%,20,2,471,,,*,*,*,82%,92%,*,88%,83%,90%,79%,*,>95%,92%,83%,*,*,*,90%,>95%,*,95%,91%,92%,82%,*,>95%,95%,93%
2101,Lebanon Community SD 9,2101,Lebanon Community SD 9,D,Linn,,"4,230",1%,1%,<1%,11%,6%,<1%,80%,1%,2%,0%,2%,1%,0%,95%,,,78%,80%,,84%,86%,17,120,72%,13,0,224,,,*,*,*,82%,68%,*,77%,73%,>95%,73%,*,86%,86%,71%,*,*,*,82%,73%,*,84%,82%,>95%,63%,*,>95%,88%,81%
2102,Sweet Home SD 55,2102,Sweet Home SD 55,D,Linn,,"2,323",1%,1%,<1%,6%,6%,<1%,86%,0%,1%,0%,6%,0%,0%,94%,,,85%,80%,,83%,86%,12,81,73%,8,0,123,,,*,*,*,79%,*,*,85%,81%,*,65%,*,>95%,90%,80%,*,*,*,*,88%,*,82%,75%,*,71%,*,92%,83%,82%
2103,Scio SD 95,2103,Scio SD 95,D,Linn,,863,1%,<1%,<1%,8%,5%,<1%,85%,0%,1%,1%,3%,0%,0%,95%,,,69%,80%,,77%,86%,6,14,84%,3,<1,75,,,*,*,*,58%,*,*,69%,77%,*,*,*,*,64%,73%,*,*,*,*,*,*,82%,87%,*,75%,*,*,82%,73%
2104,Santiam Canyon SD 129J,2104,Santiam Canyon SD 129J,D,Linn,,"4,453",1%,2%,2%,14%,9%,<1%,72%,0%,2%,<1%,4%,3%,<1%,91%,,,59%,80%,,71%,86%,12,19,87%,9,0,198,,,*,85%,*,51%,48%,*,60%,53%,52%,44%,*,77%,62%,54%,*,73%,*,71%,76%,*,70%,67%,72%,54%,*,89%,75%,66%
2105,Central Linn SD 552,2105,Central Linn SD 552,D,Linn,,642,1%,<1%,<1%,13%,3%,0%,82%,0%,0%,0%,4%,2%,0%,94%,,,74%,80%,,79%,86%,3,4,74%,1,0,41,,,*,*,*,*,*,*,75%,62%,*,42%,*,*,77%,71%,*,*,*,*,*,*,80%,74%,*,*,*,*,80%,77%
2107,Jordan Valley SD 3,2107,Jordan Valley SD 3,D,Malheur,,59,0%,0%,0%,3%,0%,0%,97%,0%,0%,0%,0%,0%,0%,100%,,,*,80%,,*,86%,<1,3,67%,0,0,9,,,*,*,*,*,*,*,*,*,*,*,*,*,*,*,*,*,*,*,*,*,*,*,*,*,*,*,*,*
2108,Ontario SD 8C,2108,Ontario SD 8C,D,Malheur,,"2,406",<1%,<1%,1%,62%,3%,<1%,33%,0%,1%,1%,11%,0%,0%,87%,,,86%,80%,,>95%,86%,15,97,70%,8,0,132,,,*,*,*,87%,*,*,83%,86%,87%,80%,91%,>95%,92%,81%,*,*,*,>95%,*,*,92%,>95%,93%,93%,>95%,>95%,>95%,>95%
2109,Juntura SD 12,2109,Juntura SD 12,D,Malheur,,2,0%,0%,0%,0%,0%,0%,100%,0%,0%,0%,0%,0%,0%,100%,,,*,80%,,*,86%,0,0,0%,0,0,1,,,*,*,*,*,*,*,*,*,*,*,*,*,*,*,*,*,*,*,*,*,*,*,*,*,*,*,*,*
2110,Nyssa SD 26,2110,Nyssa SD 26,D,Malheur,,"1,212",0%,<1%,<1%,66%,2%,0%,32%,0%,0%,0%,18%,1%,0%,80%,,,79%,80%,,80%,86%,7,25,86%,2,0,73,,,*,*,*,75%,*,*,89%,79%,83%,92%,78%,*,78%,80%,*,*,*,76%,*,*,87%,81%,77%,73%,75%,*,85%,75%
2111,Annex SD 29,2111,Annex SD 29,D,Malheur,,94,0%,0%,0%,27%,4%,0%,69%,0%,0%,0%,0%,0%,0%,100%,,,*,80%,,*,86%,1,6,100%,0,0,8,,,*,*,*,*,*,*,*,*,*,*,*,*,*,*,*,*,*,*,*,*,*,*,*,*,*,*,*,*
2113,Adrian SD 61,2113,Adrian SD 61,D,Malheur,,292,<1%,<1%,0%,21%,1%,0%,78%,0%,0%,0%,0%,0%,0%,100%,,,93%,80%,,>95%,86%,2,10,93%,0,<1,14,,,*,*,*,*,*,*,90%,*,*,*,*,*,*,*,*,*,*,*,*,*,95%,92%,*,*,*,*,*,93%
2114,Harper SD 66,2114,Harper SD 66,D,Malheur,,115,0%,1%,0%,15%,5%,0%,79%,0%,8%,0%,0%,0%,0%,92%,,,>95%,80%,,*,86%,1,6,100%,0,0,10,,,*,*,*,*,*,*,>95%,>95%,*,*,*,*,*,*,*,*,*,*,*,*,*,*,*,*,*,*,*,*
2115,Arock SD 81,2115,Arock SD 81,D,Malheur,,17,0%,0%,0%,12%,0%,0%,88%,0%,0%,0%,0%,0%,0%,100%,,,*,80%,,*,86%,0,0,67%,0,0,3,,,*,*,*,*,*,*,*,*,*,*,*,*,*,*,*,*,*,*,*,*,*,*,*,*,*,*,*,*
2116,Vale SD 84,2116,Vale SD 84,D,Malheur,,906,1%,1%,0%,22%,2%,<1%,75%,0%,0%,0%,0%,0%,0%,100%,,,88%,80%,,>95%,86%,4,32,85%,2,0,58,,,*,*,*,94%,*,*,85%,91%,92%,*,*,*,92%,86%,*,*,*,94%,*,*,>95%,94%,>95%,90%,*,*,>95%,95%
2137,Gervais SD 1,2137,Gervais SD 1,D,Marion,,"1,376",1%,1%,1%,54%,4%,0%,40%,0%,1%,0%,6%,1%,0%,92%,,,76%,80%,,80%,86%,9,25,76%,5,0,80,,,*,*,*,77%,*,*,71%,78%,77%,69%,79%,*,78%,74%,*,*,*,80%,*,*,79%,80%,79%,56%,82%,*,84%,75%
2138,Silver Falls SD 4J,2138,Silver Falls SD 4J,D,Marion,,"3,974",1%,1%,1%,14%,2%,<1%,81%,0%,1%,0%,1%,2%,<1%,95%,,,92%,80%,,93%,86%,16,105,82%,12,3,211,,,*,*,*,87%,*,*,93%,90%,92%,86%,*,>95%,95%,89%,*,*,*,>95%,*,*,92%,89%,>95%,87%,*,95%,>95%,90%
2139,Cascade SD 5,2139,Cascade SD 5,D,Marion,,"2,517",1%,1%,1%,17%,4%,<1%,76%,2%,0%,0%,1%,3%,1%,94%,,,86%,80%,,90%,86%,12,62,79%,7,1,130,,,*,*,*,>95%,*,*,83%,75%,95%,71%,>95%,>95%,90%,81%,*,*,*,89%,*,*,90%,87%,92%,68%,*,>95%,93%,87%
2140,Jefferson SD 14J,2140,Jefferson SD 14J,D,Marion,,826,<1%,<1%,<1%,27%,4%,<1%,69%,0%,0%,0%,0%,2%,0%,98%,,,>95%,80%,,>95%,86%,6,17,83%,2,0,46,,,*,*,*,>95%,*,*,>95%,>95%,>95%,91%,*,*,>95%,94%,*,*,*,>95%,*,*,>95%,>95%,>95%,>95%,*,*,>95%,>95%
2141,North Marion SD 15,2141,North Marion SD 15,D,Marion,,"1,857",<1%,1%,<1%,50%,3%,<1%,45%,1%,0%,0%,3%,0%,0%,96%,,,85%,80%,,89%,86%,9,39,74%,8,0,103,,,*,*,*,82%,*,*,86%,84%,84%,68%,*,85%,85%,85%,*,*,*,91%,*,*,90%,88%,94%,86%,*,>95%,92%,86%
2142,Salem-Keizer SD 24J,2142,Salem-Keizer SD 24J,D,Marion,,"41,770",1%,2%,1%,42%,5%,2%,46%,1%,2%,1%,9%,0%,<1%,87%,,,79%,80%,,85%,86%,112,"1,114",78%,119,7,"2,027",,,70%,92%,70%,76%,82%,79%,81%,75%,74%,63%,68%,>95%,84%,75%,77%,94%,78%,82%,88%,75%,88%,82%,80%,71%,75%,>95%,88%,83%
2143,North Santiam SD 29J,2143,North Santiam SD 29J,D,Marion,,"2,283",1%,1%,1%,17%,5%,<1%,75%,1%,1%,1%,0%,0%,0%,97%,,,79%,80%,,93%,86%,9,42,77%,4,0,120,,,*,*,*,76%,*,*,81%,72%,88%,61%,*,*,84%,75%,*,*,*,84%,*,*,94%,89%,*,79%,*,*,90%,>95%
2144,St Paul SD 45,2144,St Paul SD 45,D,Marion,,290,0%,0%,0%,37%,<1%,0%,63%,0%,0%,0%,0%,0%,4%,96%,,,>95%,80%,,>95%,86%,2,3,82%,0,0,21,,,*,*,*,*,*,*,>95%,*,*,*,*,*,>95%,>95%,*,*,*,*,*,*,>95%,*,*,*,*,*,*,>95%
2145,Mt Angel SD 91,2145,Mt Angel SD 91,D,Marion,,728,<1%,1%,1%,43%,3%,0%,53%,0%,0%,0%,8%,0%,2%,91%,,,79%,80%,,86%,86%,5,11,77%,3,0,46,,,*,*,*,76%,*,*,91%,76%,60%,*,*,*,83%,76%,*,*,*,90%,*,*,85%,84%,90%,*,*,*,92%,81%
2146,Woodburn SD 103,2146,Woodburn SD 103,D,Marion,,"5,628",<1%,<1%,<1%,83%,1%,<1%,15%,0%,2%,<1%,33%,1%,0%,63%,,,89%,80%,,91%,86%,19,114,68%,18,7,305,,,*,*,*,89%,*,*,87%,90%,89%,74%,87%,>95%,90%,87%,*,*,*,91%,*,*,95%,92%,91%,78%,90%,>95%,>95%,86%
2147,Morrow SD 1,2147,Morrow SD 1,D,Morrow,,"2,290",<1%,<1%,<1%,57%,2%,<1%,40%,0%,0%,1%,5%,1%,0%,93%,,,88%,80%,,93%,86%,13,76,75%,4,0,135,,,*,*,*,89%,*,*,91%,85%,88%,67%,82%,*,90%,87%,*,*,*,93%,*,*,92%,91%,>95%,88%,>95%,*,93%,92%
2180,Portland SD 1J,2180,Portland SD 1J,D,Multnomah,,"48,559",1%,6%,9%,16%,10%,1%,57%,1%,4%,3%,9%,4%,<1%,79%,,,81%,80%,,87%,86%,180,679,80%,242,62,"2,750",,,64%,91%,73%,72%,77%,68%,84%,73%,76%,64%,86%,93%,83%,79%,68%,94%,78%,78%,86%,>95%,91%,82%,81%,72%,71%,>95%,89%,86%
2181,Parkrose SD 3,2181,Parkrose SD 3,D,Multnomah,,"3,068",1%,12%,15%,29%,9%,3%,32%,0%,2%,4%,4%,0%,1%,90%,,,81%,80%,,83%,86%,12,44,76%,10,1,147,,,*,89%,82%,80%,90%,*,75%,82%,80%,48%,*,85%,92%,72%,*,94%,77%,79%,90%,80%,82%,83%,83%,54%,*,>95%,88%,77%
2182,Reynolds SD 7,2182,Reynolds SD 7,D,Multnomah,,"10,940",1%,7%,9%,42%,7%,3%,31%,<1%,2%,1%,4%,1%,<1%,92%,,,70%,80%,,78%,86%,41,123,85%,39,5,573,,,*,95%,49%,67%,71%,70%,73%,69%,72%,49%,*,95%,74%,66%,*,87%,65%,79%,93%,46%,76%,78%,80%,68%,88%,87%,81%,74%
2183,Gresham-Barlow SD 10J,2183,Gresham-Barlow SD 10J,D,Multnomah,,"11,979",1%,3%,3%,29%,7%,1%,56%,1%,3%,1%,3%,0%,1%,90%,,,74%,80%,,79%,86%,46,197,84%,28,2,532,,,*,72%,70%,70%,82%,*,76%,68%,67%,48%,64%,94%,79%,69%,46%,82%,67%,71%,74%,70%,83%,73%,69%,63%,71%,>95%,82%,75%
2185,Centennial SD 28J,2185,Centennial SD 28J,D,Multnomah,,"6,099",1%,13%,8%,29%,6%,3%,41%,<1%,2%,2%,5%,2%,<1%,88%,,,71%,80%,,79%,86%,21,92,86%,18,<1,295,,,*,86%,68%,62%,64%,*,75%,67%,73%,47%,*,>95%,78%,65%,*,92%,55%,78%,86%,*,78%,75%,83%,52%,*,92%,86%,73%
2186,Corbett SD 39,2186,Corbett SD 39,D,Multnomah,,"1,188",1%,2%,1%,8%,7%,<1%,80%,0%,0%,0%,2%,2%,0%,97%,,,90%,80%,,>95%,86%,5,14,83%,0,0,55,,,*,*,*,*,*,*,94%,78%,*,92%,*,*,>95%,85%,*,*,*,*,*,*,94%,88%,*,>95%,*,>95%,>95%,93%
2187,David Douglas SD 40,2187,David Douglas SD 40,D,Multnomah,,"9,719",1%,15%,12%,27%,7%,3%,36%,<1%,3%,1%,4%,3%,<1%,89%,,,79%,80%,,84%,86%,31,193,82%,25,0,514,,,*,88%,76%,73%,80%,*,80%,77%,80%,63%,*,>95%,84%,75%,*,90%,84%,83%,70%,>95%,83%,82%,84%,63%,*,>95%,89%,79%
2188,Riverdale SD 51J,2188,Riverdale SD 51J,D,Multnomah,,648,<1%,5%,1%,6%,8%,<1%,80%,0%,2%,0%,2%,2%,0%,94%,,,93%,80%,,>95%,86%,3,7,81%,2,2,39,,,*,*,*,*,*,*,93%,*,*,82%,*,*,88%,>95%,*,*,*,*,*,*,>95%,*,*,*,*,*,>95%,>95%
2190,Dallas SD 2,2190,Dallas SD 2,D,Polk,,"3,234",2%,1%,1%,11%,5%,<1%,80%,0%,1%,0%,1%,1%,0%,98%,,,83%,80%,,84%,86%,12,102,76%,6,2,165,,,64%,*,*,75%,92%,*,84%,77%,80%,81%,*,92%,84%,82%,*,*,*,74%,*,*,86%,75%,*,68%,*,>95%,88%,81%
2191,Central SD 13J,2191,Central SD 13J,D,Polk,,"3,313",1%,1%,1%,43%,5%,<1%,50%,0%,0%,1%,5%,0%,0%,94%,,,81%,80%,,90%,86%,11,78,84%,5,0,158,,,*,*,*,80%,86%,*,82%,75%,79%,66%,*,>95%,85%,76%,*,*,*,87%,90%,*,92%,87%,85%,81%,*,*,93%,87%
2192,Perrydale SD 21,2192,Perrydale SD 21,D,Polk,,316,1%,<1%,<1%,3%,5%,0%,91%,5%,0%,0%,0%,0%,0%,95%,,,86%,80%,,>95%,86%,3,9,78%,0,0,18,,,*,*,*,*,*,*,83%,*,*,*,*,*,>95%,75%,*,*,*,*,*,*,94%,92%,*,*,*,*,>95%,92%
2193,Falls City SD 57,2193,Falls City SD 57,D,Polk,,190,2%,0%,0%,3%,7%,1%,87%,0%,0%,0%,14%,0%,0%,86%,,,56%,80%,,77%,86%,2,8,56%,1,0,18,,,*,*,*,*,*,*,52%,58%,*,*,*,*,64%,50%,*,*,*,*,*,*,80%,77%,*,*,*,*,*,60%
2195,Sherman County SD,2195,Sherman County SD,D,Sherman,,267,1%,0%,0%,11%,4%,0%,83%,0%,0%,0%,4%,0%,0%,96%,,,84%,80%,,88%,86%,2,5,73%,1,0,20,,,*,*,*,*,*,*,83%,70%,*,*,*,*,85%,83%,*,*,*,*,*,*,>95%,82%,*,*,*,*,*,90%
2197,Tillamook SD 9,2197,Tillamook SD 9,D,Tillamook,,"2,259",1%,1%,<1%,28%,5%,1%,64%,1%,0%,0%,8%,2%,0%,90%,,,87%,80%,,94%,86%,8,72,74%,7,0,120,,,*,*,*,85%,*,*,88%,82%,88%,82%,*,*,87%,87%,*,*,*,88%,*,*,>95%,89%,91%,79%,*,*,95%,94%
2198,Neah-Kah-Nie SD 56,2198,Neah-Kah-Nie SD 56,D,Tillamook,,806,1%,1%,<1%,14%,6%,<1%,78%,0%,0%,0%,5%,7%,0%,88%,,,91%,80%,,94%,86%,6,38,83%,4,1,50,,,*,*,*,*,*,*,92%,87%,*,*,*,*,>95%,86%,*,*,*,*,*,*,>95%,86%,*,*,*,*,>95%,91%
2199,Nestucca Valley SD 101J,2199,Nestucca Valley SD 101J,D,Tillamook,,490,1%,<1%,1%,23%,5%,0%,70%,3%,0%,0%,6%,0%,0%,90%,,,89%,80%,,90%,86%,4,14,77%,0,0,29,,,*,*,*,*,*,*,89%,89%,*,*,*,*,83%,>95%,*,*,*,*,*,*,86%,86%,*,*,*,*,85%,94%
2201,Helix SD 1,2201,Helix SD 1,D,Umatilla,,183,1%,2%,0%,4%,7%,1%,85%,6%,0%,0%,0%,0%,0%,94%,,,94%,80%,,>95%,86%,1,3,88%,0,0,15,,,*,*,*,*,*,*,93%,*,*,*,*,*,*,*,*,*,*,*,*,*,>95%,*,*,*,*,*,>95%,*
2202,Pilot Rock SD 2,2202,Pilot Rock SD 2,D,Umatilla,,303,2%,0%,0%,7%,6%,0%,84%,0%,5%,0%,0%,0%,0%,95%,,,75%,80%,,>95%,86%,2,11,76%,0,0,17,,,*,*,*,*,*,*,82%,72%,*,*,*,*,86%,67%,*,*,*,*,*,*,94%,*,*,*,*,*,>95%,90%
2203,Echo SD 5,2203,Echo SD 5,D,Umatilla,,280,1%,0%,1%,14%,4%,0%,81%,5%,0%,0%,5%,0%,0%,90%,,,87%,80%,,91%,86%,4,5,85%,<1,0,18,,,*,*,*,*,*,*,88%,>95%,*,*,*,*,*,80%,*,*,*,*,*,*,89%,87%,*,*,*,*,92%,90%
2204,Umatilla SD 6R,2204,Umatilla SD 6R,D,Umatilla,,"1,425",1%,<1%,<1%,72%,1%,0%,26%,0%,0%,0%,14%,0%,0%,86%,,,87%,80%,,85%,86%,7,35,60%,4,0,81,,,*,*,*,85%,*,*,91%,87%,84%,83%,85%,*,93%,82%,*,*,*,84%,*,*,86%,85%,89%,71%,78%,*,81%,88%
2205,Milton-Freewater Unified SD 7,2205,Milton-Freewater Unified SD 7,D,Umatilla,,"1,671",<1%,<1%,<1%,60%,2%,<1%,37%,0%,0%,1%,8%,3%,1%,87%,,,80%,80%,,87%,86%,10,66,67%,2,1,106,,,*,*,*,83%,*,*,73%,86%,85%,33%,88%,*,88%,72%,*,*,*,85%,*,*,92%,88%,83%,60%,82%,*,87%,87%
2206,Hermiston SD 8,2206,Hermiston SD 8,D,Umatilla,,"5,740",<1%,1%,<1%,55%,2%,<1%,41%,<1%,<1%,0%,8%,1%,<1%,90%,,,74%,80%,,89%,86%,17,92,71%,14,1,298,,,*,*,*,76%,91%,*,72%,69%,78%,53%,64%,*,79%,70%,*,*,*,87%,*,*,91%,86%,88%,76%,85%,*,91%,88%
2207,Pendleton SD 16,2207,Pendleton SD 16,D,Umatilla,,"3,117",12%,1%,<1%,14%,8%,<1%,64%,2%,1%,1%,2%,1%,0%,94%,,,80%,80%,,84%,86%,11,76,75%,9,<1,154,,,71%,*,*,81%,>95%,*,80%,71%,64%,63%,*,>95%,80%,80%,74%,*,*,64%,82%,*,89%,79%,64%,62%,*,>95%,91%,76%
2208,Athena-Weston SD 29RJ,2208,Athena-Weston SD 29RJ,D,Umatilla,,584,7%,1%,<1%,9%,8%,<1%,76%,2%,2%,2%,0%,0%,2%,91%,,,88%,80%,,91%,86%,3,13,81%,<1,0,37,,,*,*,*,*,*,*,93%,92%,*,>95%,*,*,87%,89%,*,*,*,*,*,*,95%,85%,*,*,*,*,91%,92%
2209,Stanfield SD 61,2209,Stanfield SD 61,D,Umatilla,,527,1%,<1%,1%,47%,3%,<1%,48%,0%,0%,0%,6%,3%,0%,90%,,,94%,80%,,87%,86%,3,11,67%,1,0,28,,,*,*,*,92%,*,*,>95%,>95%,*,*,*,*,>95%,93%,*,*,*,91%,*,*,88%,83%,90%,*,*,*,>95%,69%
2210,Ukiah SD 80R,2210,Ukiah SD 80R,D,Umatilla,,29,0%,7%,0%,14%,0%,0%,79%,0%,0%,0%,0%,0%,0%,100%,,,*,80%,,*,86%,<1,<1,100%,0,0,5,,,*,*,*,*,*,*,*,*,*,*,*,*,*,*,*,*,*,*,*,*,*,*,*,*,*,*,*,*
2212,La Grande SD 1,2212,La Grande SD 1,D,Union,,"2,348",1%,1%,1%,8%,6%,2%,81%,1%,1%,1%,2%,0%,0%,95%,,,80%,80%,,94%,86%,11,65,74%,7,2,124,,,*,*,*,80%,*,*,84%,81%,*,48%,*,*,83%,77%,*,*,*,87%,93%,*,95%,92%,>95%,93%,*,*,91%,>95%
2213,Union SD 5,2213,Union SD 5,D,Union,,373,1%,0%,1%,4%,2%,0%,91%,4%,0%,0%,0%,0%,0%,96%,,,91%,80%,,>95%,86%,2,9,73%,0,0,23,,,*,*,*,*,*,*,94%,84%,*,*,*,*,89%,94%,*,*,*,*,*,*,>95%,*,*,*,*,*,>95%,>95%
2214,North Powder SD 8J,2214,North Powder SD 8J,D,Union,,266,1%,0%,1%,14%,0%,0%,84%,0%,0%,0%,0%,0%,0%,100%,,,>95%,80%,,95%,86%,2,3,84%,0,0,24,,,*,*,*,*,*,*,>95%,>95%,*,*,*,*,>95%,*,*,*,*,*,*,*,94%,>95%,*,*,*,*,>95%,*
2215,Imbler SD 11,2215,Imbler SD 11,D,Union,,290,3%,0%,0%,3%,3%,0%,90%,0%,0%,0%,0%,0%,4%,96%,,,>95%,80%,,>95%,86%,2,4,91%,0,0,21,,,*,*,*,*,*,*,>95%,*,*,*,*,*,*,>95%,*,*,*,*,*,*,>95%,*,*,*,*,*,>95%,>95%
2216,Cove SD 15,2216,Cove SD 15,D,Union,,291,0%,1%,<1%,5%,5%,0%,89%,0%,0%,0%,0%,0%,0%,100%,,,93%,80%,,75%,86%,2,4,95%,0,0,19,,,*,*,*,*,*,*,92%,>95%,*,*,*,*,>95%,87%,*,*,*,*,*,*,73%,*,*,*,*,*,70%,*
2217,Elgin SD 23,2217,Elgin SD 23,D,Union,,403,1%,1%,0%,5%,2%,0%,91%,0%,0%,0%,6%,3%,0%,91%,,,75%,80%,,90%,86%,2,3,8%,0,0,30,,,*,*,*,*,*,*,78%,62%,*,*,*,*,*,75%,*,*,*,*,*,*,92%,81%,*,*,*,*,91%,89%
2219,Joseph SD 6,2219,Joseph SD 6,D,Wallowa,,264,0%,0%,0%,5%,6%,0%,89%,5%,0%,0%,0%,0%,0%,95%,,,>95%,80%,,>95%,86%,2,5,94%,0,0,20,,,*,*,*,*,*,*,>95%,*,*,*,*,*,*,*,*,*,*,*,*,*,>95%,*,*,*,*,*,*,*
2220,Wallowa SD 12,2220,Wallowa SD 12,D,Wallowa,,191,1%,0%,0%,6%,3%,1%,90%,0%,0%,0%,0%,0%,0%,100%,,,>95%,80%,,>95%,86%,2,1,81%,0,0,19,,,*,*,*,*,*,*,>95%,>95%,*,*,*,*,*,>95%,*,*,*,*,*,*,*,*,*,*,*,*,*,*
2221,Enterprise SD 21,2221,Enterprise SD 21,D,Wallowa,,406,0%,0%,0%,5%,4%,0%,91%,0%,0%,0%,0%,0%,0%,100%,,,90%,80%,,>95%,86%,2,15,81%,0,0,28,,,*,*,*,*,*,*,91%,90%,*,*,*,*,>95%,81%,*,*,*,*,*,*,>95%,>95%,*,*,*,*,>95%,94%
2222,Troy SD 54,2222,Troy SD 54,D,Wallowa,,3,0%,0%,0%,0%,67%,0%,33%,0%,0%,0%,0%,0%,0%,100%,,,*,80%,,*,86%,<1,0,100%,0,0,1,,,*,*,*,*,*,*,*,*,*,*,*,*,*,*,*,*,*,*,*,*,*,*,*,*,*,*,*,*
2225,South Wasco County SD 1,2225,South Wasco County SD 1,D,Wasco,,226,6%,0%,<1%,9%,8%,1%,77%,0%,0%,0%,0%,0%,0%,100%,,,77%,80%,,89%,86%,2,5,94%,0,0,15,,,*,*,*,*,*,*,86%,81%,*,*,*,*,91%,*,*,*,*,*,*,*,92%,89%,*,*,*,*,91%,*
2229,Dufur SD 29,2229,Dufur SD 29,D,Wasco,,342,7%,<1%,0%,8%,8%,0%,77%,4%,0%,4%,0%,0%,0%,92%,,,87%,80%,,78%,86%,2,10,83%,1,0,24,,,*,*,*,*,*,*,91%,87%,*,*,*,*,*,86%,*,*,*,*,*,*,84%,80%,*,*,*,*,*,67%
2239,Hillsboro SD 1J,2239,Hillsboro SD 1J,D,Washington,,"20,269",1%,7%,2%,38%,7%,1%,45%,1%,3%,1%,10%,1%,1%,84%,,,86%,80%,,91%,86%,56,436,82%,75,1,898,,,77%,94%,73%,83%,87%,>95%,88%,83%,84%,72%,84%,>95%,89%,84%,75%,94%,94%,86%,>95%,91%,94%,89%,84%,80%,89%,>95%,92%,90%
2240,Banks SD 13,2240,Banks SD 13,D,Washington,,"1,144",<1%,1%,1%,8%,5%,1%,85%,2%,0%,2%,0%,0%,0%,97%,,,>95%,80%,,>95%,86%,7,16,84%,1,0,55,,,*,*,*,*,*,*,>95%,90%,*,*,*,*,>95%,>95%,*,*,*,*,*,*,>95%,>95%,*,93%,*,*,>95%,>95%
2241,Forest Grove SD 15,2241,Forest Grove SD 15,D,Washington,,"6,075",<1%,1%,<1%,55%,3%,<1%,40%,0%,2%,1%,17%,9%,<1%,71%,,,81%,80%,,86%,86%,21,143,84%,21,0,308,,,*,*,*,77%,*,*,86%,75%,76%,58%,71%,>95%,85%,77%,*,*,*,84%,94%,*,87%,81%,84%,63%,82%,>95%,89%,82%
2242,Tigard-Tualatin SD 23J,2242,Tigard-Tualatin SD 23J,D,Washington,,"12,619",<1%,5%,2%,27%,8%,2%,56%,<1%,2%,1%,7%,2%,<1%,87%,,,88%,80%,,93%,86%,32,158,86%,36,1,647,,,*,>95%,91%,82%,91%,88%,89%,79%,83%,69%,*,>95%,89%,87%,*,>95%,79%,87%,>95%,72%,>95%,87%,87%,90%,*,>95%,94%,92%
2243,Beaverton SD 48J,2243,Beaverton SD 48J,D,Washington,,"41,215",<1%,17%,3%,25%,8%,1%,46%,<1%,5%,1%,6%,1%,<1%,86%,,,86%,80%,,93%,86%,112,453,90%,157,0,"2,115",,,90%,>95%,75%,77%,90%,79%,87%,77%,82%,62%,76%,>95%,88%,83%,87%,>95%,91%,86%,95%,84%,95%,86%,89%,79%,74%,>95%,95%,91%
2244,Sherwood SD 88J,2244,Sherwood SD 88J,D,Washington,,"5,259",<1%,3%,1%,11%,6%,<1%,79%,0%,1%,0%,2%,4%,0%,94%,,,>95%,80%,,>95%,86%,16,83,88%,17,0,239,,,*,>95%,*,91%,>95%,*,>95%,95%,93%,84%,*,>95%,>95%,>95%,*,>95%,*,>95%,95%,*,>95%,>95%,>95%,89%,*,>95%,>95%,>95%
2245,Gaston SD 511J,2245,Gaston SD 511J,D,Washington,,549,1%,1%,2%,11%,2%,1%,83%,2%,0%,0%,2%,2%,0%,93%,,,>95%,80%,,88%,86%,2,11,85%,2,1,33,,,*,*,*,*,*,*,>95%,>95%,*,*,*,*,92%,>95%,*,*,*,*,*,*,85%,91%,*,*,*,*,95%,83%
2247,Spray SD 1,2247,Spray SD 1,D,Wheeler,,64,0%,11%,2%,2%,0%,2%,84%,0%,0%,0%,0%,0%,0%,100%,,,*,80%,,*,86%,1,3,80%,0,0,8,,,*,*,*,*,*,*,*,*,*,*,*,*,*,*,*,*,*,*,*,*,*,*,*,*,*,*,*,*
2248,Fossil SD 21J,2248,Fossil SD 21J,D,Wheeler,,"1,021",<1%,1%,1%,3%,4%,0%,90%,0%,0%,3%,0%,0%,0%,97%,,,*,80%,,*,86%,1,2,87%,0,0,30,,,*,*,*,*,*,*,*,*,*,*,*,*,*,*,*,*,*,*,*,*,*,*,*,*,*,*,*,*
2249,Mitchell SD 55,2249,Mitchell SD 55,D,Wheeler,,533,1%,1%,2%,20%,9%,1%,66%,0%,0%,0%,3%,3%,0%,94%,,,35%,80%,,35%,86%,5,0,83%,2,0,27,,,*,*,*,23%,*,*,35%,35%,31%,30%,*,*,41%,26%,*,*,*,48%,36%,*,32%,37%,8%,27%,*,*,27%,44%
2251,Yamhill Carlton SD 1,2251,Yamhill Carlton SD 1,D,Yamhill,,"1,052",<1%,<1%,1%,9%,4%,<1%,85%,0%,3%,0%,3%,0%,0%,94%,,,73%,80%,,88%,86%,6,21,71%,1,0,54,,,*,*,*,*,*,*,71%,61%,*,55%,*,*,79%,67%,*,*,*,*,*,*,88%,77%,*,85%,*,*,94%,84%
2252,Amity SD 4J,2252,Amity SD 4J,D,Yamhill,,824,1%,1%,<1%,13%,5%,0%,79%,0%,2%,0%,0%,3%,2%,93%,,,88%,80%,,88%,86%,5,14,83%,2,<1,50,,,*,*,*,92%,*,*,91%,88%,*,*,*,*,>95%,80%,*,*,*,*,*,*,89%,84%,*,77%,*,*,>95%,81%
2253,Dayton SD 8,2253,Dayton SD 8,D,Yamhill,,"1,015",1%,<1%,<1%,36%,4%,<1%,57%,0%,0%,0%,0%,9%,0%,91%,,,94%,80%,,>95%,86%,2,16,92%,2,0,46,,,*,*,*,94%,*,*,93%,94%,92%,82%,*,*,>95%,91%,*,*,*,95%,*,*,>95%,>95%,93%,>95%,*,*,>95%,>95%
2254,Newberg SD 29J,2254,Newberg SD 29J,D,Yamhill,,"4,825",1%,2%,1%,21%,5%,<1%,71%,1%,<1%,0%,5%,3%,0%,91%,,,85%,80%,,89%,86%,18,77,86%,21,1,255,,,*,*,*,84%,93%,*,86%,76%,85%,55%,88%,>95%,88%,82%,*,*,*,85%,>95%,*,90%,83%,85%,73%,>95%,>95%,91%,88%
2255,Willamina SD 30J,2255,Willamina SD 30J,D,Yamhill,,876,24%,<1%,<1%,9%,6%,1%,60%,4%,0%,0%,4%,0%,0%,93%,,,85%,80%,,86%,86%,5,22,71%,0,0,50,,,88%,*,*,77%,*,*,85%,88%,*,75%,*,*,93%,80%,82%,*,*,*,*,*,85%,88%,*,83%,*,*,93%,81%
2256,McMinnville SD 40,2256,McMinnville SD 40,D,Yamhill,,"6,708",1%,1%,1%,35%,1%,1%,59%,<1%,1%,1%,5%,4%,0%,90%,,,91%,80%,,94%,86%,17,161,88%,16,5,337,,,*,*,*,92%,*,*,91%,93%,90%,77%,91%,>95%,91%,91%,*,>95%,*,91%,*,*,>95%,95%,89%,85%,74%,>95%,95%,93%
2257,Sheridan SD 48J,2257,Sheridan SD 48J,D,Yamhill,,899,4%,<1%,1%,16%,9%,<1%,69%,1%,3%,1%,1%,4%,1%,88%,,,79%,80%,,73%,86%,7,13,60%,3,0,60,,,*,*,*,69%,*,*,80%,80%,*,58%,*,*,81%,77%,*,*,*,67%,*,*,77%,71%,*,50%,*,*,75%,69%
2262,Knappa SD 4,2262,Knappa SD 4,D,Clatsop,,502,1%,1%,<1%,10%,3%,<1%,84%,0%,0%,0%,9%,0%,0%,91%,,,87%,80%,,94%,86%,3,11,73%,2,0,30,,,*,*,*,*,*,*,91%,77%,*,*,*,*,81%,91%,*,*,*,*,*,*,94%,92%,*,*,*,*,93%,>95%
3997,Ione SD R2,3997,Ione SD R2,D,Morrow,,182,2%,0%,0%,26%,2%,0%,70%,0%,0%,0%,0%,0%,0%,100%,,,>95%,80%,,93%,86%,1,6,76%,1,0,16,,,*,*,*,*,*,*,*,*,*,*,*,*,*,*,*,*,*,*,*,*,92%,*,*,*,*,*,*,*
4131,North Wasco County SD 21,4131,North Wasco County SD 21,D,Wasco,,"2,987",2%,1%,<1%,39%,4%,2%,52%,1%,1%,0%,1%,0%,0%,98%,,,74%,80%,,81%,86%,12,68,77%,9,0,150,,,*,*,*,75%,*,*,73%,68%,76%,55%,91%,88%,83%,67%,43%,*,*,78%,*,*,88%,76%,76%,70%,85%,>95%,82%,81%